,0,1,2,3,4,5,6
error_category,zhengn,tianyi,intersection2_id,union_id,intersection2,union,inter2/union
BL1,"{1157.0, 646.0, 389.0, 519.0, 765.0, 1289.0, 902.0, 780.0, 12.0, 650.0, 1169.0, 1170.0, 657.0, 921.0, 922.0, 1179.0, 1023.0, 795.0, 1054.0, 672.0, 674.0, 1317.0, 1064.0, 809.0, 811.0, 942.0, 430.0, 560.0, 561.0, 562.0, 437.0, 567.0, 317.0, 830.0, 1090.0, 1091.0, 836.0, 709.0, 71.0, 584.0, 583.0, 842.0, 971.0, 972.0, 333.0, 334.0, 1097.0, 208.0, 209.0, 726.0, 350.0, 1247.0, 734.0, 1246.0, 866.0, 762.0, 612.0, 996.0, 742.0, 874.0, 240.0, 625.0, 756.0, 761.0, 375.0, 1273.0, 1146.0, 763.0, 893.0, 639.0}","{5.0, 6.0, 12.0, 1038.0, 1045.0, 1051.0, 1054.0, 1065.0, 1066.0, 1067.0, 1069.0, 561.0, 562.0, 567.0, 1084.0, 1090.0, 1091.0, 583.0, 584.0, 75.0, 1100.0, 625.0, 643.0, 1157.0, 646.0, 648.0, 650.0, 651.0, 652.0, 1164.0, 1166.0, 1179.0, 673.0, 208.0, 209.0, 1238.0, 726.0, 216.0, 1246.0, 1247.0, 1253.0, 742.0, 746.0, 240.0, 761.0, 1273.0, 762.0, 763.0, 765.0, 1283.0, 1289.0, 1290.0, 1295.0, 795.0, 1317.0, 809.0, 821.0, 822.0, 317.0, 836.0, 334.0, 863.0, 866.0, 360.0, 874.0, 893.0, 902.0, 921.0, 414.0, 942.0, 430.0, 437.0, 441.0, 971.0, 972.0, 981.0, 471.0, 992.0, 999.0, 1022.0, 1023.0}","{1157.0, 902.0, 646.0, 1273.0, 1289.0, 650.0, 12.0, 893.0, 921.0, 795.0, 1179.0, 1054.0, 1317.0, 809.0, 942.0, 430.0, 561.0, 562.0, 437.0, 567.0, 317.0, 1090.0, 1091.0, 836.0, 583.0, 584.0, 971.0, 972.0, 334.0, 208.0, 209.0, 726.0, 1246.0, 1247.0, 866.0, 742.0, 874.0, 240.0, 625.0, 761.0, 762.0, 763.0, 765.0, 1023.0}","{5.0, 6.0, 519.0, 12.0, 1038.0, 1045.0, 1051.0, 1054.0, 1064.0, 1065.0, 1066.0, 1067.0, 1069.0, 560.0, 561.0, 562.0, 567.0, 1084.0, 1090.0, 1091.0, 583.0, 584.0, 71.0, 1097.0, 75.0, 1100.0, 612.0, 625.0, 1146.0, 639.0, 643.0, 1157.0, 646.0, 648.0, 650.0, 651.0, 652.0, 1164.0, 1166.0, 1169.0, 1170.0, 657.0, 1179.0, 672.0, 673.0, 674.0, 709.0, 208.0, 209.0, 1238.0, 726.0, 216.0, 1246.0, 1247.0, 734.0, 1253.0, 742.0, 746.0, 240.0, 756.0, 761.0, 1273.0, 762.0, 763.0, 765.0, 1283.0, 1289.0, 1290.0, 780.0, 1295.0, 795.0, 1317.0, 809.0, 811.0, 821.0, 822.0, 317.0, 830.0, 836.0, 842.0, 333.0, 334.0, 350.0, 863.0, 866.0, 360.0, 874.0, 375.0, 893.0, 389.0, 902.0, 921.0, 922.0, 414.0, 942.0, 430.0, 437.0, 441.0, 971.0, 972.0, 981.0, 471.0, 992.0, 996.0, 999.0, 1022.0, 1023.0}",44,107,0.411214953271028
AN2,"{745.0, 746.0, 425.0, 812.0, 1149.0, 469.0, 985.0, 986.0, 1051.0, 1277.0, 1150.0, 831.0}","{745.0, 746.0, 425.0, 812.0, 469.0, 1016.0, 985.0, 986.0, 1149.0, 1150.0, 831.0}","{745.0, 746.0, 425.0, 812.0, 469.0, 985.0, 986.0, 1149.0, 1150.0, 831.0}","{745.0, 746.0, 425.0, 812.0, 469.0, 1016.0, 985.0, 986.0, 1051.0, 1277.0, 1149.0, 1150.0, 831.0}",10,13,0.7692307692307693
F3,"{1248.0, 1056.0, 745.0, 746.0, 1161.0, 106.0, 41.0, 1211.0, 917.0, 757.0, 1051.0, 860.0}","{1056.0, 804.0, 1253.0, 860.0, 745.0, 746.0, 1161.0, 908.0, 41.0, 1084.0, 1097.0, 1211.0, 918.0, 123.0, 190.0, 1150.0, 831.0}","{1056.0, 745.0, 746.0, 1161.0, 41.0, 1211.0, 860.0}","{1161.0, 908.0, 917.0, 918.0, 1051.0, 1056.0, 804.0, 41.0, 1211.0, 1084.0, 190.0, 831.0, 1097.0, 860.0, 1248.0, 1253.0, 745.0, 746.0, 106.0, 757.0, 123.0, 1150.0}",7,22,0.3181818181818182
BE5,"{960.0, 1272.0, 994.0, 1191.0, 1192.0, 938.0, 651.0, 632.0, 1326.0, 1327.0, 1169.0, 1170.0, 209.0, 1239.0, 1016.0, 1084.0, 1279.0}","{651.0, 1166.0, 1039.0, 1169.0, 1170.0, 1192.0, 938.0, 1325.0, 1326.0, 1327.0, 823.0, 1082.0, 1083.0, 1088.0, 1089.0, 960.0, 209.0, 994.0, 630.0, 1272.0, 1279.0}","{960.0, 994.0, 1192.0, 938.0, 651.0, 1326.0, 1327.0, 1169.0, 1170.0, 209.0, 1272.0, 1279.0}","{651.0, 1166.0, 1039.0, 1169.0, 1170.0, 1191.0, 1192.0, 938.0, 1325.0, 1326.0, 1327.0, 823.0, 1082.0, 1083.0, 1084.0, 1088.0, 1089.0, 960.0, 209.0, 1239.0, 1016.0, 994.0, 632.0, 630.0, 1272.0, 1279.0}",12,26,0.46153846153846156
E1,"{1281.0, 650.0, 1293.0, 528.0, 657.0, 1055.0, 1317.0, 425.0, 811.0, 1324.0, 1325.0, 1334.0, 1335.0, 441.0, 700.0, 966.0, 1096.0, 1225.0, 1100.0, 846.0, 1361.0, 209.0, 1364.0, 216.0, 350.0}","{1281.0, 1288.0, 650.0, 1293.0, 918.0, 1055.0, 1317.0, 1065.0, 811.0, 1324.0, 1325.0, 304.0, 945.0, 946.0, 1335.0, 441.0, 966.0, 1096.0, 1225.0, 1100.0, 846.0, 1361.0, 209.0, 1238.0, 216.0, 350.0, 1273.0, 1402.0}","{1281.0, 650.0, 1293.0, 1055.0, 1317.0, 811.0, 1324.0, 1325.0, 1335.0, 441.0, 966.0, 1096.0, 1225.0, 1100.0, 846.0, 1361.0, 209.0, 216.0, 350.0}","{1281.0, 1288.0, 650.0, 1293.0, 528.0, 657.0, 918.0, 1055.0, 1317.0, 1065.0, 425.0, 811.0, 1324.0, 1325.0, 304.0, 945.0, 946.0, 1334.0, 1335.0, 441.0, 700.0, 966.0, 1096.0, 1225.0, 1100.0, 846.0, 1361.0, 209.0, 1364.0, 1238.0, 216.0, 350.0, 1273.0, 1402.0}",19,34,0.5588235294117647
BF4,"{1093.0, 966.0, 1192.0, 649.0, 841.0, 330.0, 652.0, 332.0, 942.0, 653.0, 978.0, 1010.0, 854.0, 918.0, 636.0, 1246.0}","{1281.0, 1285.0, 1161.0, 649.0, 653.0, 1295.0, 1168.0, 1170.0, 917.0, 1060.0, 1317.0, 1191.0, 1192.0, 1066.0, 1067.0, 941.0, 833.0, 1093.0, 966.0, 841.0, 330.0, 332.0, 1358.0, 592.0, 978.0, 854.0, 1242.0, 733.0, 106.0, 1010.0, 632.0, 639.0}","{1093.0, 966.0, 1192.0, 649.0, 841.0, 330.0, 332.0, 653.0, 978.0, 1010.0, 854.0}","{1281.0, 1285.0, 1161.0, 649.0, 652.0, 653.0, 1295.0, 1168.0, 1170.0, 917.0, 918.0, 1060.0, 1317.0, 1191.0, 1192.0, 1066.0, 1067.0, 941.0, 942.0, 833.0, 1093.0, 966.0, 841.0, 330.0, 332.0, 1358.0, 592.0, 978.0, 854.0, 1242.0, 733.0, 1246.0, 106.0, 1010.0, 632.0, 636.0, 639.0}",11,37,0.2972972972972973
D1a,"{1046.0, 279.0, 280.0, 1047.0, 283.0, 284.0, 543.0, 544.0, 929.0, 930.0, 547.0, 548.0, 674.0, 675.0, 1062.0, 1064.0, 1065.0, 1060.0, 677.0, 1061.0, 45.0, 46.0, 1071.0, 1070.0, 698.0, 1082.0, 1214.0, 704.0, 75.0, 333.0, 334.0, 732.0, 868.0, 1125.0, 621.0, 238.0, 623.0, 624.0, 622.0, 237.0, 630.0, 1403.0, 765.0}","{1046.0, 279.0, 280.0, 1047.0, 283.0, 284.0, 543.0, 929.0, 930.0, 547.0, 548.0, 674.0, 675.0, 1062.0, 1064.0, 1065.0, 677.0, 678.0, 1061.0, 45.0, 46.0, 1071.0, 1070.0, 1200.0, 698.0, 1214.0, 704.0, 1096.0, 868.0, 1125.0, 621.0, 238.0, 623.0, 624.0, 622.0, 237.0, 630.0, 1403.0, 765.0}","{1046.0, 1047.0, 280.0, 279.0, 283.0, 284.0, 543.0, 929.0, 930.0, 547.0, 548.0, 674.0, 675.0, 1062.0, 1064.0, 1065.0, 677.0, 1061.0, 45.0, 46.0, 1071.0, 1070.0, 698.0, 1214.0, 704.0, 868.0, 1125.0, 621.0, 238.0, 623.0, 624.0, 622.0, 237.0, 630.0, 1403.0, 765.0}","{1046.0, 279.0, 280.0, 1047.0, 283.0, 284.0, 543.0, 544.0, 929.0, 930.0, 547.0, 548.0, 674.0, 675.0, 1062.0, 1064.0, 1065.0, 677.0, 678.0, 1061.0, 45.0, 46.0, 1071.0, 1070.0, 1200.0, 698.0, 1082.0, 1214.0, 704.0, 1096.0, 75.0, 333.0, 334.0, 1060.0, 732.0, 868.0, 1125.0, 621.0, 238.0, 623.0, 624.0, 622.0, 237.0, 630.0, 1403.0, 765.0}",36,46,0.782608695652174
K2,"{384.0, 226.0, 646.0, 1095.0, 1094.0, 905.0, 346.0, 1009.0, 1106.0, 1107.0, 858.0, 892.0, 159.0}","{384.0, 1056.0, 1095.0, 346.0, 1009.0, 1106.0, 1107.0, 726.0, 858.0, 892.0, 893.0, 159.0}","{384.0, 1095.0, 1009.0, 1106.0, 1107.0, 346.0, 892.0, 858.0, 159.0}","{384.0, 1056.0, 226.0, 646.0, 1095.0, 1094.0, 905.0, 346.0, 1009.0, 1106.0, 1107.0, 726.0, 858.0, 892.0, 893.0, 159.0}",9,16,0.5625
F4,"{1152.0, 1288.0, 1161.0, 1289.0, 1291.0, 1292.0, 1293.0, 1162.0, 1167.0, 1174.0, 1179.0, 1180.0, 1058.0, 1059.0, 1279.0, 297.0, 298.0, 816.0, 1217.0, 834.0, 457.0, 1097.0, 1357.0, 1358.0, 847.0, 719.0, 718.0, 1234.0, 851.0, 474.0, 475.0, 991.0, 992.0, 743.0, 631.0, 1271.0, 375.0, 1401.0, 1402.0, 1403.0, 1151.0}","{1152.0, 1288.0, 1289.0, 1162.0, 1292.0, 1293.0, 1167.0, 1174.0, 1179.0, 1180.0, 1051.0, 414.0, 1058.0, 1059.0, 1279.0, 297.0, 298.0, 1084.0, 1217.0, 457.0, 1357.0, 718.0, 719.0, 1234.0, 851.0, 1366.0, 474.0, 475.0, 1244.0, 991.0, 224.0, 1248.0, 743.0, 631.0, 1271.0, 757.0, 375.0, 1016.0, 1401.0, 1402.0, 1403.0, 1151.0}","{1152.0, 1288.0, 1289.0, 1162.0, 1292.0, 1293.0, 1167.0, 1403.0, 1174.0, 1179.0, 1180.0, 1151.0, 1058.0, 1059.0, 297.0, 298.0, 1217.0, 457.0, 1357.0, 718.0, 719.0, 1234.0, 851.0, 474.0, 475.0, 991.0, 375.0, 743.0, 631.0, 1401.0, 1402.0, 1271.0, 1279.0}","{1152.0, 1288.0, 1289.0, 1162.0, 1291.0, 1292.0, 1293.0, 1161.0, 1167.0, 1174.0, 1179.0, 1180.0, 1051.0, 414.0, 1058.0, 1059.0, 1279.0, 297.0, 298.0, 816.0, 1084.0, 1217.0, 834.0, 457.0, 1097.0, 1357.0, 718.0, 719.0, 847.0, 1358.0, 1234.0, 851.0, 1366.0, 474.0, 475.0, 1244.0, 991.0, 224.0, 1248.0, 992.0, 743.0, 631.0, 1271.0, 757.0, 375.0, 1016.0, 1401.0, 1402.0, 1403.0, 1151.0}",33,50,0.66
CM6,"{5.0, 6.0, 1288.0, 1036.0, 1037.0, 1166.0, 1042.0, 1043.0, 918.0, 37.0, 1065.0, 1066.0, 1067.0, 431.0, 818.0, 947.0, 692.0, 437.0, 697.0, 1211.0, 190.0, 1100.0, 1230.0, 847.0, 471.0, 472.0, 474.0, 476.0, 1384.0, 630.0, 375.0, 123.0}","{6.0, 1036.0, 1166.0, 1042.0, 1043.0, 37.0, 41.0, 1068.0, 431.0, 441.0, 1211.0, 1230.0, 592.0, 471.0, 472.0, 474.0, 476.0, 1253.0, 375.0, 1401.0, 1402.0, 123.0}","{37.0, 6.0, 123.0, 1036.0, 1166.0, 431.0, 1230.0, 1042.0, 1043.0, 471.0, 472.0, 474.0, 1211.0, 476.0, 375.0}","{5.0, 6.0, 1288.0, 1036.0, 1037.0, 1166.0, 1042.0, 1043.0, 918.0, 37.0, 41.0, 1065.0, 1067.0, 1068.0, 1066.0, 431.0, 818.0, 947.0, 692.0, 437.0, 441.0, 697.0, 1211.0, 190.0, 1100.0, 1230.0, 847.0, 592.0, 471.0, 472.0, 474.0, 476.0, 1253.0, 1384.0, 630.0, 375.0, 1401.0, 1402.0, 123.0}",15,39,0.38461538461538464
L5,"{1377.0, 1378.0, 899.0, 1379.0, 134.0, 295.0, 670.0, 816.0, 821.0, 374.0, 373.0, 1365.0, 1371.0, 1277.0, 862.0}","{1377.0, 1378.0, 899.0, 804.0, 1379.0, 134.0, 295.0, 430.0, 626.0, 373.0, 374.0, 375.0, 1365.0, 670.0}","{1377.0, 1378.0, 899.0, 1379.0, 134.0, 295.0, 373.0, 374.0, 1365.0, 670.0}","{899.0, 134.0, 670.0, 804.0, 295.0, 430.0, 816.0, 821.0, 1365.0, 1371.0, 862.0, 1377.0, 1378.0, 1379.0, 626.0, 373.0, 374.0, 375.0, 1277.0}",10,19,0.5263157894736842
I2,set(),"{391.0, 1291.0, 847.0, 816.0, 375.0}",set(),"{391.0, 1291.0, 847.0, 816.0, 375.0}",0,5,0.0
A1b,"{387.0, 4.0, 5.0, 6.0, 1038.0, 1295.0, 528.0, 1294.0, 278.0, 418.0, 830.0, 1220.0, 1221.0, 593.0, 470.0, 88.0, 90.0, 743.0, 487.0, 744.0, 364.0, 1264.0, 1265.0, 636.0, 637.0}","{387.0, 4.0, 5.0, 6.0, 1038.0, 1295.0, 528.0, 1294.0, 277.0, 278.0, 541.0, 414.0, 560.0, 830.0, 1220.0, 593.0, 470.0, 88.0, 90.0, 612.0, 743.0, 487.0, 744.0, 364.0, 1264.0, 373.0, 636.0}","{387.0, 4.0, 5.0, 6.0, 1038.0, 1295.0, 528.0, 1294.0, 278.0, 830.0, 1220.0, 593.0, 470.0, 88.0, 90.0, 743.0, 487.0, 744.0, 364.0, 1264.0, 636.0}","{387.0, 4.0, 5.0, 6.0, 1038.0, 1295.0, 528.0, 1294.0, 277.0, 278.0, 541.0, 414.0, 418.0, 560.0, 830.0, 1220.0, 1221.0, 593.0, 470.0, 88.0, 90.0, 612.0, 743.0, 487.0, 744.0, 364.0, 1264.0, 1265.0, 373.0, 636.0, 637.0}",21,31,0.6774193548387096
P3,set(),"{712.0, 1220.0}",set(),"{712.0, 1220.0}",0,2,0.0
BL3,"{1280.0, 769.0, 770.0, 771.0, 772.0, 643.0, 905.0, 1034.0, 906.0, 1035.0, 779.0, 1295.0, 656.0, 1298.0, 1051.0, 799.0, 800.0, 673.0, 812.0, 940.0, 823.0, 829.0, 707.0, 1354.0, 719.0, 1244.0, 1372.0, 865.0, 1252.0, 998.0, 745.0, 746.0, 1002.0, 1004.0, 1014.0, 1277.0}","{1280.0, 769.0, 770.0, 771.0, 899.0, 905.0, 1034.0, 906.0, 780.0, 1035.0, 779.0, 656.0, 1298.0, 799.0, 800.0, 812.0, 823.0, 829.0, 707.0, 1354.0, 719.0, 1371.0, 1244.0, 1372.0, 862.0, 865.0, 1252.0, 998.0, 745.0, 1002.0, 1004.0, 1014.0, 1277.0}","{1280.0, 769.0, 770.0, 771.0, 905.0, 1034.0, 906.0, 1035.0, 779.0, 656.0, 1298.0, 799.0, 800.0, 812.0, 823.0, 829.0, 707.0, 1354.0, 719.0, 1244.0, 1372.0, 865.0, 1252.0, 998.0, 745.0, 1002.0, 1004.0, 1014.0, 1277.0}","{1280.0, 769.0, 770.0, 771.0, 899.0, 772.0, 643.0, 905.0, 1034.0, 906.0, 780.0, 1035.0, 779.0, 1295.0, 656.0, 1298.0, 1051.0, 799.0, 800.0, 673.0, 812.0, 940.0, 823.0, 829.0, 707.0, 1354.0, 719.0, 1371.0, 1244.0, 1372.0, 862.0, 865.0, 1252.0, 998.0, 745.0, 1002.0, 746.0, 1004.0, 1014.0, 1277.0}",29,40,0.725
A1f,"{986.0, 1149.0, 1150.0}","{1056.0, 1265.0, 469.0, 986.0, 1149.0, 1150.0, 831.0}","{986.0, 1149.0, 1150.0}","{1056.0, 1265.0, 469.0, 986.0, 1149.0, 1150.0, 831.0}",3,7,0.42857142857142855
D1,"{648.0, 1294.0, 1295.0, 1168.0, 1224.0, 660.0, 1045.0, 662.0, 663.0, 1044.0, 1173.0, 661.0, 669.0, 1058.0, 1059.0, 1187.0, 678.0, 679.0, 680.0, 423.0, 681.0, 940.0, 557.0, 558.0, 305.0, 306.0, 705.0, 707.0, 1092.0, 1349.0, 1348.0, 967.0, 712.0, 1225.0, 1096.0, 968.0, 1356.0, 1227.0, 713.0, 711.0, 1232.0, 593.0, 1231.0, 458.0, 1236.0, 853.0, 1237.0, 1230.0, 1233.0, 1244.0, 733.0, 735.0, 1247.0, 231.0, 744.0, 1389.0, 1390.0, 1391.0, 1392.0, 633.0, 242.0, 1267.0, 1011.0, 1393.0, 1145.0, 250.0}","{1285.0, 1161.0, 1294.0, 1168.0, 1042.0, 1043.0, 1044.0, 1045.0, 1173.0, 661.0, 544.0, 1187.0, 678.0, 423.0, 557.0, 558.0, 1200.0, 305.0, 306.0, 705.0, 834.0, 707.0, 711.0, 1224.0, 1225.0, 1227.0, 1356.0, 1358.0, 1231.0, 1232.0, 334.0, 1230.0, 1233.0, 853.0, 732.0, 733.0, 1247.0, 231.0, 250.0, 1390.0, 1393.0, 1146.0}","{1294.0, 1168.0, 1044.0, 1173.0, 1045.0, 661.0, 1187.0, 678.0, 423.0, 557.0, 558.0, 305.0, 306.0, 705.0, 707.0, 711.0, 1224.0, 1225.0, 1227.0, 1356.0, 1230.0, 1231.0, 1232.0, 1233.0, 853.0, 733.0, 1247.0, 231.0, 1390.0, 1393.0, 250.0}","{1042.0, 1043.0, 1044.0, 1045.0, 544.0, 1058.0, 1059.0, 557.0, 558.0, 1092.0, 1096.0, 593.0, 633.0, 1145.0, 1146.0, 648.0, 1161.0, 1168.0, 660.0, 1173.0, 661.0, 663.0, 662.0, 669.0, 1187.0, 678.0, 679.0, 680.0, 681.0, 1200.0, 705.0, 707.0, 711.0, 1224.0, 713.0, 1225.0, 712.0, 1227.0, 1230.0, 1231.0, 1232.0, 1233.0, 1236.0, 1237.0, 732.0, 733.0, 1244.0, 1247.0, 735.0, 231.0, 744.0, 242.0, 1267.0, 250.0, 1285.0, 1294.0, 1295.0, 305.0, 306.0, 834.0, 1348.0, 1349.0, 1356.0, 1358.0, 334.0, 853.0, 1389.0, 1390.0, 1391.0, 1392.0, 1393.0, 423.0, 940.0, 967.0, 968.0, 458.0, 1011.0}",31,77,0.4025974025974026
BN1,"{12.0, 672.0, 1057.0, 945.0, 946.0, 818.0, 820.0, 947.0, 954.0, 1083.0, 709.0, 981.0, 982.0, 1365.0, 229.0, 1384.0, 1007.0, 626.0, 757.0}","{780.0, 12.0, 1179.0, 1051.0, 806.0, 945.0, 946.0, 818.0, 820.0, 947.0, 694.0, 696.0, 953.0, 697.0, 954.0, 1083.0, 1082.0, 707.0, 709.0, 981.0, 982.0, 229.0, 230.0, 1384.0, 1007.0, 757.0}","{709.0, 229.0, 1384.0, 12.0, 1007.0, 945.0, 946.0, 818.0, 820.0, 947.0, 981.0, 982.0, 757.0, 954.0, 1083.0}","{780.0, 12.0, 1179.0, 1051.0, 672.0, 1057.0, 806.0, 945.0, 946.0, 818.0, 820.0, 947.0, 694.0, 696.0, 953.0, 697.0, 954.0, 1083.0, 1082.0, 707.0, 709.0, 981.0, 982.0, 1365.0, 229.0, 230.0, 1384.0, 1007.0, 626.0, 757.0}",15,30,0.5
CL1,"{1283.0, 1284.0, 1285.0, 1290.0, 651.0, 652.0, 780.0, 1039.0, 655.0, 804.0, 1192.0, 1068.0, 1069.0, 694.0, 695.0, 1096.0, 592.0, 981.0, 1238.0, 1239.0, 863.0, 992.0, 1253.0, 999.0, 626.0}","{992.0, 1284.0, 1066.0, 651.0, 1290.0, 696.0, 655.0, 657.0, 661.0, 695.0, 216.0, 697.0, 414.0}","{992.0, 1284.0, 1290.0, 651.0, 655.0, 695.0}","{1283.0, 1284.0, 1285.0, 1290.0, 651.0, 652.0, 780.0, 655.0, 1039.0, 657.0, 661.0, 414.0, 804.0, 1192.0, 1066.0, 1068.0, 1069.0, 694.0, 695.0, 696.0, 697.0, 1096.0, 592.0, 981.0, 1238.0, 1239.0, 216.0, 863.0, 992.0, 1253.0, 999.0, 626.0}",6,32,0.1875
D1c,"{192.0, 193.0, 1157.0, 1158.0, 459.0, 1199.0, 1200.0, 1042.0, 692.0, 1111.0, 380.0}","{636.0, 1157.0, 1158.0, 390.0, 648.0, 649.0, 660.0, 662.0, 663.0, 1047.0, 669.0, 544.0, 1059.0, 678.0, 679.0, 680.0, 681.0, 1199.0, 692.0, 192.0, 193.0, 1092.0, 1348.0, 1221.0, 967.0, 968.0, 713.0, 458.0, 459.0, 333.0, 334.0, 1236.0, 1237.0, 1364.0, 1111.0, 1244.0, 732.0, 734.0, 735.0, 1246.0, 744.0, 1389.0, 1391.0, 1392.0, 633.0, 242.0, 1267.0, 1011.0, 1145.0, 763.0, 380.0}","{192.0, 193.0, 1157.0, 1158.0, 459.0, 1199.0, 692.0, 1111.0, 380.0}","{636.0, 1157.0, 1158.0, 390.0, 648.0, 649.0, 1042.0, 660.0, 662.0, 663.0, 1047.0, 669.0, 544.0, 1059.0, 678.0, 679.0, 680.0, 681.0, 1199.0, 1200.0, 692.0, 192.0, 193.0, 1092.0, 1348.0, 1221.0, 967.0, 968.0, 713.0, 458.0, 459.0, 333.0, 334.0, 1236.0, 1237.0, 1364.0, 1111.0, 1244.0, 732.0, 734.0, 735.0, 1246.0, 744.0, 1389.0, 1391.0, 1392.0, 633.0, 242.0, 1267.0, 1011.0, 1145.0, 763.0, 380.0}",9,53,0.16981132075471697
CE2,"{1280.0, 1283.0, 391.0, 1288.0, 1401.0, 1290.0, 1291.0, 893.0, 1166.0, 795.0, 799.0, 1064.0, 1067.0, 940.0, 941.0, 303.0, 816.0, 304.0, 946.0, 945.0, 821.0, 823.0, 696.0, 953.0, 954.0, 1088.0, 1089.0, 1090.0, 1091.0, 847.0, 981.0, 1239.0, 863.0, 756.0, 631.0, 1273.0, 1402.0, 1149.0}","{1280.0, 1283.0, 392.0, 1289.0, 1290.0, 528.0, 1149.0, 795.0, 799.0, 800.0, 804.0, 1066.0, 940.0, 941.0, 303.0, 821.0, 1334.0, 696.0, 953.0, 954.0, 700.0, 1090.0, 1091.0, 1364.0, 981.0, 1239.0, 863.0, 756.0, 631.0, 632.0, 1401.0, 893.0}","{1280.0, 1283.0, 1290.0, 893.0, 795.0, 799.0, 940.0, 941.0, 303.0, 821.0, 696.0, 953.0, 954.0, 1090.0, 1091.0, 981.0, 1239.0, 863.0, 756.0, 631.0, 1401.0, 1149.0}","{1280.0, 1283.0, 1273.0, 391.0, 392.0, 1289.0, 1290.0, 1291.0, 1288.0, 1166.0, 528.0, 1149.0, 795.0, 799.0, 800.0, 804.0, 1064.0, 1066.0, 1067.0, 940.0, 941.0, 303.0, 816.0, 304.0, 946.0, 945.0, 821.0, 1334.0, 823.0, 696.0, 953.0, 954.0, 700.0, 1088.0, 1089.0, 1090.0, 1091.0, 847.0, 1364.0, 981.0, 1239.0, 863.0, 756.0, 631.0, 632.0, 1401.0, 1402.0, 893.0}",22,48,0.4583333333333333
KA1b,"{1056.0, 1314.0, 1251.0, 1315.0, 1163.0, 908.0, 1164.0, 1269.0, 1211.0}","{1251.0, 1315.0, 1163.0, 908.0, 1164.0, 1265.0, 1269.0, 1211.0, 1277.0}","{1315.0, 1251.0, 1163.0, 908.0, 1164.0, 1269.0, 1211.0}","{1056.0, 1314.0, 1251.0, 1315.0, 1163.0, 908.0, 1164.0, 1265.0, 1269.0, 1211.0, 1277.0}",7,11,0.6363636363636364
L4,"{648.0, 1163.0, 907.0, 908.0, 1164.0, 1295.0, 916.0, 1045.0, 151.0, 795.0, 1182.0, 1314.0, 1315.0, 296.0, 822.0, 190.0, 191.0, 192.0, 833.0, 834.0, 1346.0, 1347.0, 1097.0, 211.0, 216.0, 476.0, 224.0, 999.0, 360.0, 1131.0, 1132.0, 1403.0}","{1163.0, 907.0, 1164.0, 1295.0, 916.0, 1045.0, 151.0, 1182.0, 1314.0, 1315.0, 296.0, 822.0, 190.0, 191.0, 833.0, 1346.0, 1347.0, 1097.0, 211.0, 216.0, 476.0, 224.0, 1131.0, 630.0, 1403.0}","{1163.0, 1164.0, 907.0, 1295.0, 916.0, 1045.0, 151.0, 1182.0, 1314.0, 1315.0, 296.0, 822.0, 190.0, 191.0, 833.0, 1346.0, 1347.0, 1097.0, 211.0, 216.0, 476.0, 224.0, 1131.0, 1403.0}","{648.0, 1163.0, 907.0, 1164.0, 908.0, 1295.0, 916.0, 1045.0, 151.0, 795.0, 1182.0, 1314.0, 1315.0, 296.0, 822.0, 190.0, 191.0, 192.0, 833.0, 1346.0, 1347.0, 834.0, 1097.0, 211.0, 216.0, 476.0, 224.0, 999.0, 360.0, 1131.0, 1132.0, 630.0, 1403.0}",24,33,0.7272727272727273
F1,"{833.0, 1251.0, 804.0, 230.0, 362.0, 110.0, 696.0, 1168.0, 1366.0, 504.0, 1084.0, 733.0}","{833.0, 834.0, 1251.0, 229.0, 230.0, 1161.0, 362.0, 653.0, 46.0, 110.0, 696.0, 593.0, 883.0, 504.0, 733.0, 414.0}","{833.0, 1251.0, 230.0, 504.0, 362.0, 110.0, 696.0, 733.0}","{1161.0, 653.0, 1168.0, 414.0, 804.0, 46.0, 696.0, 1084.0, 833.0, 834.0, 593.0, 1366.0, 733.0, 1251.0, 229.0, 230.0, 362.0, 110.0, 883.0, 504.0}",8,20,0.4
Q1,set(),"{772.0, 1285.0, 6.0, 1034.0, 1037.0, 1298.0, 151.0, 809.0, 297.0, 812.0, 1326.0, 1070.0, 816.0, 946.0, 441.0, 1349.0, 332.0, 1358.0, 719.0, 1361.0, 726.0, 474.0, 1244.0, 734.0, 226.0, 611.0, 1007.0, 624.0, 883.0}",set(),"{772.0, 1285.0, 6.0, 1034.0, 1037.0, 1298.0, 151.0, 809.0, 297.0, 812.0, 1326.0, 1070.0, 816.0, 946.0, 441.0, 1349.0, 332.0, 1358.0, 719.0, 1361.0, 726.0, 474.0, 1244.0, 734.0, 226.0, 611.0, 1007.0, 624.0, 883.0}",0,29,0.0
CM4,"{800.0, 1402.0, 541.0, 414.0}","{5.0, 1067.0, 626.0, 437.0, 123.0, 541.0, 190.0}",{541.0},"{800.0, 414.0, 5.0, 1067.0, 626.0, 437.0, 1402.0, 123.0, 541.0, 190.0}",1,10,0.1
BL2,"{673.0, 1378.0, 611.0, 1188.0, 1256.0, 362.0, 107.0, 847.0, 1366.0, 1022.0}","{772.0, 657.0, 918.0, 922.0, 1051.0, 672.0, 1188.0, 811.0, 940.0, 71.0, 1097.0, 842.0, 1366.0, 1239.0, 1378.0, 996.0, 1256.0, 362.0, 107.0, 1132.0, 626.0, 756.0, 632.0}","{1378.0, 1188.0, 1256.0, 362.0, 107.0, 1366.0}","{772.0, 657.0, 918.0, 922.0, 1051.0, 672.0, 673.0, 1188.0, 811.0, 940.0, 71.0, 1097.0, 842.0, 847.0, 1366.0, 1239.0, 1378.0, 611.0, 996.0, 1256.0, 362.0, 107.0, 1132.0, 626.0, 756.0, 632.0, 1022.0}",6,27,0.2222222222222222
CF5,"{1285.0, 806.0, 1067.0, 941.0, 592.0, 1169.0, 1361.0, 1043.0, 690.0, 1242.0}","{690.0, 1242.0, 1066.0}","{1242.0, 690.0}","{1285.0, 806.0, 1066.0, 1067.0, 941.0, 592.0, 1169.0, 690.0, 1043.0, 1361.0, 1242.0}",2,11,0.18181818181818182
A2a,"{611.0, 37.0, 134.0, 519.0, 1224.0, 1225.0, 333.0, 430.0, 846.0, 469.0, 277.0, 373.0, 441.0}","{674.0, 611.0, 418.0, 389.0, 519.0, 1224.0, 1225.0, 333.0, 430.0, 846.0, 1234.0, 469.0, 374.0, 441.0, 1051.0, 637.0}","{611.0, 519.0, 1224.0, 1225.0, 333.0, 430.0, 846.0, 469.0, 441.0}","{389.0, 134.0, 519.0, 277.0, 1051.0, 674.0, 418.0, 37.0, 430.0, 441.0, 1224.0, 1225.0, 333.0, 846.0, 1234.0, 469.0, 611.0, 373.0, 374.0, 637.0}",9,20,0.45
P2,set(),{1349.0},set(),{1349.0},0,1,0.0
K3,set(),"{1057.0, 1283.0, 1037.0, 1298.0, 851.0, 726.0}",set(),"{1057.0, 1283.0, 1037.0, 1298.0, 851.0, 726.0}",0,6,0.0
CE3,"{1083.0, 1238.0}","{1281.0, 1324.0, 1069.0}",set(),"{1281.0, 1324.0, 1069.0, 1238.0, 1083.0}",0,5,0.0
O2,set(),"{224.0, 414.0}",set(),"{224.0, 414.0}",0,2,0.0
N3,set(),"{224.0, 362.0, 626.0, 1365.0, 414.0}",set(),"{224.0, 362.0, 626.0, 1365.0, 414.0}",0,5,0.0
K4,set(),"{821.0, 822.0}",set(),"{821.0, 822.0}",0,2,0.0
O3,set(),"{866.0, 237.0}",set(),"{866.0, 237.0}",0,2,0.0
F2,"{833.0, 834.0, 389.0}","{389.0, 390.0}",{389.0},"{833.0, 834.0, 389.0, 390.0}",1,4,0.25
A1g,"{389.0, 390.0}","{389.0, 390.0}","{389.0, 390.0}","{389.0, 390.0}",2,2,1.0
BK1,set(),{1094.0},set(),{1094.0},0,1,0.0
A1a,"{883.0, 46.0}",set(),set(),"{883.0, 46.0}",0,2,0.0
A1d,"{392.0, 391.0}",set(),set(),"{392.0, 391.0}",0,2,0.0
average,,,,,,,0.3231521050352375
